,mean,std
temperature,20.02576737164122,1.4049777019099317
humidity,56.69094290898015,2.416317305080264
CO2CosIRValue,70.17622598032075,22.969229086935222
CO2MG811Value,510.0035226655719,9.233296015160144
MOX1,538.7313901285905,21.36481982686947
MOX2,724.0358490815908,19.94065355923483
MOX3,675.748619406444,22.75463203285942
MOX4,625.2104726463695,27.96488185882741
COValue,114.2372899312683,21.903940923568605
